hba2,mentzer_index,mcv,thal_prob_score,hypochromia,morphology_score,hba2_hbf_ratio,anemia_severity_encoded,hba,mch,rbc_hb_ratio,rbc,hbf,microcytosis,rdw,mchc,sex,hb,pcv,abnormal_hb_total
2.5,16.446808510638295,77.3,4,1,2,4.166666666666667,0,86.4,25.1,0.3983050847457627,4.7,0.5,1,15.0,32.5,1,11.8,35.87640449,3.0
2.8,17.556053811659194,78.3,4,1,2,13.999999999999998,0,87.9,25.1,0.39821428571428574,4.46,0.1,1,15.4,32.1,1,11.2,34.6,2.9
2.6,14.364754098360654,70.1,4,1,2,1.857142857142857,0,86.2,24.0,0.4170940170940171,4.88,1.3,1,13.4,34.2,0,11.7,34.2,3.9000000000000004
2.8,14.805194805194805,68.4,4,1,2,1.2727272727272725,0,84.9,22.1,0.4529411764705883,4.62,2.1,1,13.8,32.3,0,10.2,31.6,4.9
2.6,17.08910891089109,86.3,1,0,0,6.5,2,87.1,27.1,0.3686131386861314,5.05,0.3,0,14.2,31.4,1,13.7,43.6,2.9
2.679310345,14.748201438848922,82.0,3,1,1,4.2000000034486495,2,84.86458621,25.7,0.38881118881118876,5.56,0.537931034,0,15.3,31.3,1,14.3,45.6,3.2172413790000003
2.588607595,17.46887966804979,84.2,2,1,1,2.9780441366313393,2,86.52329114,26.4,0.37952755905511815,4.82,0.769230769,0,12.6,31.4,0,12.7,35.87640449,3.357838364
3.1,12.003642987249545,65.9,7,1,3,2.583333333333333,0,84.8,21.1,0.47327586206896555,5.49,1.1,1,21.2,32.1,1,11.6,36.1,4.2
2.679310345,17.451820128479657,81.5,0,0,0,4.2000000034486495,2,84.86458621,27.7,0.362015503875969,4.67,0.537931034,0,12.7,34.0,0,12.9,38.1,3.2172413790000003
2.679310345,18.425720620842572,83.1,0,0,0,4.2000000034486495,2,84.86458621,28.2,0.3551181102362205,4.51,0.537931034,0,14.4,33.9,0,12.7,37.5,3.2172413790000003
2.4,9.898819561551434,58.7,7,1,3,5.999999999999999,0,87.7,18.1,0.549074074074074,5.93,0.3,1,15.0,30.9,1,10.8,34.8,2.6999999999999997
2.9,15.23076923076923,79.2,5,1,2,14.499999999999998,2,87.9,26.8,0.37410071942446044,5.2,0.1,1,13.9,33.8,0,13.9,41.2,3.0
2.679310345,16.81362725450902,83.9,0,0,0,4.2000000034486495,2,84.86458621,28.6,0.34895104895104895,4.99,0.537931034,0,12.0,34.1,1,14.3,41.9,3.2172413790000003
2.5,15.019607843137255,76.6,5,1,2,12.5,2,87.4,23.8,0.4214876033057851,5.1,0.1,1,14.7,31.0,0,12.1,38.9,2.6
2.4,9.586410635155097,64.9,7,1,3,7.999999999999998,2,88.3,20.5,0.48705035971223015,6.77,0.2,1,16.64243243,31.7,1,13.9,33.12,2.6
2.679310345,18.89130434782609,86.9,0,0,0,4.2000000034486495,2,84.86458621,29.4,0.34074074074074073,4.6,0.537931034,0,10.8,33.8,1,13.5,40.0,3.2172413790000003
2.7,16.762295081967213,81.8,2,1,1,2.4545454545454546,2,86.7,26.9,0.37251908396946565,4.88,1.0,0,15.6,32.8,0,13.1,39.9,3.7
2.5,13.881856540084387,65.8,4,1,2,1.5625,0,85.2,22.6,0.4429906542056075,4.74,1.5,1,15.1,34.3,1,10.7,31.2,4.0
2.679310345,18.218623481781375,90.0,0,0,0,4.2000000034486495,2,84.86458621,31.6,0.3166666666666667,4.94,0.537931034,0,13.58163265,33.4462963,1,15.6,45.0,3.2172413790000003
3.1,13.133462282398455,67.9,5,1,2,3.8750000000000004,2,86.5,23.6,0.4237704918032787,5.17,0.7,1,13.9,34.8,1,12.2,35.1,3.8
2.5,12.195571955719556,66.1,7,1,3,1.923076923076923,0,86.4,20.6,0.4882882882882883,5.42,1.2,1,13.5,31.0,1,11.1,35.8,3.7
2.4,10.589318600368324,57.5,7,1,3,0.8888888888888888,0,85.9,19.5,0.5122641509433962,5.43,2.6,1,16.3,34.0,0,10.6,31.2,5.0
2.5,17.83567134268537,89.0,2,1,1,4.166666666666667,2,86.3,24.2,0.41239669421487607,4.99,0.5,0,13.58163265,33.4462963,0,12.1,40.63653846,3.0
2.4,14.509345794392523,62.1,4,1,2,2.4,0,87.8,25.3,0.3962962962962963,4.28,0.9,1,19.8,40.8,1,10.8,26.6,3.3
2.4,16.680942184154176,77.9,4,1,2,2.7610619476356804,0,88.0,25.7,0.38916666666666666,4.67,0.769230769,1,15.0,33.0,1,12.0,36.4,3.169230769
2.5,18.746987951807228,77.8,4,1,2,3.1250000000000004,0,82.9,25.6,0.3772727272727273,4.15,0.7,1,12.3,32.9,0,11.0,35.0,3.2
2.5,12.617187499999998,64.6,7,1,3,0.6410256410256411,0,83.9,20.9,0.4785046728971963,5.12,3.8,1,16.1,32.3,0,10.7,33.1,6.3
2.679310345,22.781954887218046,90.9,0,0,0,4.2000000034486495,2,84.86458621,31.2,0.31920000000000004,3.99,0.537931034,0,13.3,34.3,0,12.5,36.3,3.2172413790000003
2.679310345,18.028455284552848,88.7,0,0,0,4.2000000034486495,2,84.86458621,29.0,0.34405594405594403,4.92,0.537931034,0,13.5,32.7,1,14.3,43.6,3.2172413790000003
2.679310345,16.12970711297071,77.1,4,1,2,4.2000000034486495,0,84.86458621,25.0,0.3983333333333334,4.78,0.537931034,1,14.4,32.5,0,12.0,36.9,3.2172413790000003
2.6,15.793103448275861,91.6,3,1,1,2.3636363636363633,2,85.8,24.3,0.41134751773049644,5.8,1.0,0,13.58163265,33.4462963,1,14.1,40.63653846,3.6
2.7,12.960151802656547,68.3,7,1,3,4.500000000000001,0,86.6,22.4,0.4466101694915254,5.27,0.5,1,14.8,32.5,1,11.8,36.0,3.2
2.474285714,12.173112338858195,66.1,7,1,3,3.7437610523048477,0,87.33142857,20.4,0.4891891891891892,5.43,0.560909091,1,16.64243243,30.9,0,11.1,33.12,3.035194805
2.6,16.08695652173913,77.7,4,1,2,6.5,0,87.1,24.8,0.4025,4.83,0.3,1,12.9,31.9,0,12.0,37.5,2.9
2.588607595,15.392354124748492,76.5,4,1,2,2.9780441366313393,2,86.52329114,26.4,0.3793893129770992,4.97,0.769230769,1,14.82765957,34.5,1,13.1,35.87640449,3.357838364
2.474285714,11.928571428571429,66.8,7,1,3,3.7437610523048477,0,87.33142857,24.1,0.48275862068965514,5.6,0.560909091,1,16.64243243,31.63170732,0,11.6,33.12,3.035194805
2.6,14.585987261146498,68.7,4,1,2,2.888888888888889,1,86.9,21.0,0.4757575757575757,4.71,0.8,1,14.9,30.6,1,9.9,32.4,3.4000000000000004
2.4,13.711967545638945,67.6,4,1,2,4.0,0,88.0,21.1,0.4740384615384615,4.93,0.5,1,14.8,31.2,0,10.4,33.3,2.9
2.5,14.525043177892918,84.1,3,1,1,6.25,2,83.8,26.4,0.3784313725490196,5.79,0.3,0,12.9,31.4,1,15.3,48.6,2.8
2.588607595,11.01313320825516,58.7,7,1,3,2.9780441366313393,1,86.52329114,18.0,0.5552083333333334,5.33,0.769230769,1,18.1,30.6,1,9.6,31.3,3.357838364
3.2,17.032755298651253,88.4,1,0,0,6.4,2,88.6,29.9,0.33483870967741935,5.19,0.4,0,12.6,33.8,1,15.5,45.9,3.6
